source,review_id,date,rating,review_text,thumbs_up
appstore,14455496962,2026-08-21T09:44:25-07:00,5,"Hrx sports tshirt

Best product",0
appstore,14455473914,2026-08-21T09:37:15-07:00,5,"Very good fitting

I love this co Prd set",0
appstore,14455432513,2026-08-21T09:24:32-07:00,5,"Eyebrows shade

Nice product",0
appstore,14455424067,2026-08-21T09:21:56-07:00,5,"Awesome Purchase

It maintains its quality",0
appstore,14455405946,2026-08-21T09:16:23-07:00,1,"Fake app

Very poor service. I only called the delivery boy to ask how long he would take to arrive, but he cancelled my order without any reason. Very disappointing experi",0
appstore,14455387468,2026-08-21T09:10:43-07:00,5,"Shoping

Nice things too good",0
appstore,14455379732,2026-08-21T09:08:27-07:00,1,"I’m an Iconic member but I’m saying this

Avoid Myntra!! No more the authentic marketplace it once used to be.",0
appstore,14455364044,2026-08-21T09:03:44-07:00,5,"Good

Very good for shopping",0
appstore,14455347779,2026-08-21T08:58:50-07:00,4,"Good

Good",0
appstore,14455273693,2026-08-21T08:36:50-07:00,5,"Very good app

Its a very affordable place to buy clothes",0
appstore,14455245578,2026-08-21T08:28:37-07:00,5,"Wonderful Experience

Just loved it..will definitely recommend.",0
appstore,14455233338,2026-08-21T08:25:05-07:00,5,"Too gud

Tooo gudd",0
appstore,14455206782,2026-08-21T08:17:21-07:00,5,"Good

Nice",0
appstore,14455187657,2026-08-21T08:11:50-07:00,5,"Unlimited brands deals

I love shopping from myntra they have almost every brand.
Much more to you just go and checkout mynta.
Happy shopping",0
appstore,14455179885,2026-08-21T08:09:36-07:00,5,"Awesome

Superb services. Trust worthy app. Good fabric !!",0
appstore,14455114044,2026-08-21T07:50:45-07:00,5,"Palmonas

Top notch quality",0
appstore,14454989708,2026-08-21T07:15:31-07:00,5,"Good

Too good",0
appstore,14454942716,2026-08-21T07:02:14-07:00,5,"Shopping

Very good",0
appstore,14454938663,2026-08-21T07:01:07-07:00,5,"Exchange

Excellent",0
appstore,14454937992,2026-08-21T07:00:55-07:00,5,"Love it

Love it",0
appstore,14454901932,2026-08-21T06:50:29-07:00,5,"Mast hai har ek product original milta hai

Amazing app",0
appstore,14454868067,2026-08-21T06:40:45-07:00,5,"Superb look

Good and Worthy. Fabric look like silk and light weight.",0
appstore,14454818010,2026-08-21T06:26:12-07:00,5,"Excellent

👍👍👍",0
appstore,14454810582,2026-08-21T06:24:01-07:00,2,"About return

If you add a platform fee that’s too much. Then y don’t you return it while returning the item.",0
appstore,14454650174,2026-08-21T05:35:57-07:00,5,"Mango jeans

Quality is great",0
appstore,14454598226,2026-08-21T05:19:52-07:00,5,"Good

Good app",0
appstore,14454594816,2026-08-21T05:18:49-07:00,5,"Reviews

Good quality products",0
appstore,14454547995,2026-08-21T05:04:07-07:00,5,"original products this

best experience ever",0
appstore,14454543404,2026-08-21T05:02:38-07:00,5,"Good stuff

Very nice",0
appstore,14454508909,2026-08-21T04:51:34-07:00,2,"Size issues

Clothesline is good but order processing is badly handled.Size issues are mostly there forcing you to exchange",0
appstore,14454501304,2026-08-21T04:49:07-07:00,5,"Shopping

Best app for shopping",0
appstore,14454473848,2026-08-21T04:40:05-07:00,5,"Spider-Man shirt

Material soft aahe",0
appstore,14454456406,2026-08-21T04:34:21-07:00,1,"Catalog of Many Brands Unavailable

Hi, off late, the optimum catalog of many brands like Max, Pantaloons and Lifestyle is not available to shop on the app. Has there been any changes?",0
appstore,14454443234,2026-08-21T04:29:56-07:00,5,"Product

Very nice app for shopping",0
appstore,14454426327,2026-08-21T04:24:16-07:00,5,"Best site for shopping

Best site and unlimited products with an awesome quality!",0
appstore,14454423142,2026-08-21T04:23:10-07:00,5,"App

Best for buying",0
appstore,14454405418,2026-08-21T04:17:06-07:00,5,"Best price

Best app",0
appstore,14454390719,2026-08-21T04:12:01-07:00,5,"Good

Great",0
appstore,14454370114,2026-08-21T04:04:48-07:00,5,"Best

One of the best app for buying cloths",0
appstore,14454319789,2026-08-21T03:46:57-07:00,5,"Good

Light weight comfortable Chappel",0
appstore,14454313932,2026-08-21T03:44:51-07:00,5,"Cool

Fantastic",0
appstore,14454310679,2026-08-21T03:43:41-07:00,5,"Bummy Pants Diper

Very good",0
appstore,14454294021,2026-08-21T03:37:37-07:00,4,"Good product

Good very good",0
appstore,14454291052,2026-08-21T03:36:29-07:00,5,"I am so happy

Very soft & comfteble dresh",0
appstore,14454248064,2026-08-21T03:20:13-07:00,5,"very good

Good stuff",0
appstore,14454227540,2026-08-21T03:12:23-07:00,5,"Problem not solved

Not working properly",0
appstore,14454219983,2026-08-21T03:09:27-07:00,5,"Good services

Always us MYNTRA",0
appstore,14454204633,2026-08-21T03:03:32-07:00,5,"King

Lalit Pathak",0
appstore,14454182930,2026-08-21T02:55:07-07:00,5,"Excellent

Shandar jabardast",0
appstore,14454182648,2026-08-21T02:55:01-07:00,5,"Love to spend time Witt Myntra..

I do love to get all my required daily and formal wear and all my Fashion need a wide range of collections with easy payment option and on time delivery .👏👏",0
appstore,14454179075,2026-08-21T02:53:36-07:00,4,"Mast shopping app

I like the product n quality",0
appstore,14454151475,2026-08-21T02:42:39-07:00,5,"Best service and price n quality

Best in all terms",0
appstore,14454108874,2026-08-21T02:25:47-07:00,5,"Excepted

Excellent
Thread",0
appstore,14454097711,2026-08-21T02:21:18-07:00,5,"Dress

Perfect fit",0
appstore,14454094710,2026-08-21T02:20:06-07:00,5,"Night lamp

Very nice",0
appstore,14454086735,2026-08-21T02:16:51-07:00,4,"Akarshak

Good",0
appstore,14454076998,2026-08-21T02:12:50-07:00,5,"Wow

Beautiful product",0
appstore,14454065885,2026-08-21T02:08:17-07:00,5,"Very nice app

All time favourite pur here",0
appstore,14454051508,2026-08-21T02:02:26-07:00,5,"Great app experience

Excellent user interface. Products collection is good. Quick return and refund service !!",0
appstore,14454001996,2026-08-21T01:42:12-07:00,1,"Delayed Delivery

Pathetic app, I ordered a bag worth 6.5k. Payment is done and all. I placed my order on 4th august. Its 21st August today, my bag has not arrived yet. The initial delivery was supposed to happen on 11th, then 13th then they raised a ticket on 14th asking until 18th, on 18th they asked for 48 hours and on 20th they asked for 24 hours. Im done waiting. No accountability, at this point Myntra is simply waiting for me to cancel it without any accountability. Pathetic app, pathetic customer service.",0
appstore,14453997502,2026-08-21T01:40:20-07:00,5,"Feeling fabulous

Nice fit and good quality",0
appstore,14453972952,2026-08-21T01:30:15-07:00,5,"Happy

Fully satisfied this suit",0
appstore,14453969652,2026-08-21T01:28:56-07:00,5,"lovely

all time my favrt🎀",0
appstore,14453934324,2026-08-21T01:14:15-07:00,1,"Worst delivery

This is third item delivery got auto cancelled. I have decided that not to order any other item from Myntra in future. Good bye!",0
appstore,14453891004,2026-08-21T00:56:15-07:00,5,"Happy Customer

Nice application",0
appstore,14453838430,2026-08-21T00:33:53-07:00,5,"Best

Best",0
appstore,14453836582,2026-08-21T00:33:04-07:00,5,"Perfect size

Highly recommended product. Perfect size and superb quality. Thank you so much Myntra for this fantastic product.",0
appstore,14453835988,2026-08-21T00:32:50-07:00,5,"Love Myntra

Love Myntra and good stuff",0
appstore,14453819222,2026-08-21T00:25:39-07:00,5,"Awesome

Awesome",0
appstore,14453804168,2026-08-21T00:19:13-07:00,5,"Remi Mushahary

Best product it’s effect on hair .",0
appstore,14453796799,2026-08-21T00:16:09-07:00,1,"Becoming scam app

Ordered cotton kurta and they sent completely different product and when u will place return then the pickup agent will say the product is different we can’t accept return.
FRAUD APP!!!!",0
appstore,14453778530,2026-08-21T00:08:27-07:00,1,"Worst experience

I have bought two tees from them they first delayed the delivery and now cancelled my prepaid order even meesho
Has better service than them",0
appstore,14453755238,2026-08-20T23:58:22-07:00,5,"Myntra

Awesome App",0
appstore,14453752178,2026-08-20T23:57:01-07:00,5,"Superb fitting & Excellent Cloth Quality .Worth the money

Superb",0
appstore,14453751823,2026-08-20T23:56:52-07:00,5,"Good product

Good product",0
appstore,14453708901,2026-08-20T23:38:02-07:00,5,"Good

Wonderful bag 👍",0
appstore,14453706065,2026-08-20T23:36:49-07:00,5,"Gud option for soft foot

Good",0
appstore,14453699269,2026-08-20T23:33:55-07:00,5,"Bâta bellies

Tooo good thnku myntra ❤️",0
appstore,14453693160,2026-08-20T23:31:15-07:00,4,"Good app

Good app with nice variety",0
appstore,14453649064,2026-08-20T23:12:03-07:00,5,"Smooth and beautiful finish

Really happy with this lip liner! The application is smooth and easy, and it gives a clean, defined look to the lips. I really like how effortlessly it blends with lipstick and helps give the overall lip look a more polished finish. The quality is really good for the price. Definitely a product I’d recommend! ❤️",0
appstore,14453647714,2026-08-20T23:11:28-07:00,5,"Good quality. Nice color.

Purchased for 6 year old and 2 year old",0
appstore,14453641696,2026-08-20T23:08:51-07:00,5,"Amazing

It was up to the mark . Bang on",0
appstore,14453637739,2026-08-20T23:07:07-07:00,5,"Very good product

No",0
appstore,14453629100,2026-08-20T23:03:20-07:00,3,"Slaps 🔥

Myntra is honestly one of the best shopping apps! Great variety, easy-to-use interface, smooth delivery, and plenty of offers. Finding good products is super easy, and the overall shopping experience is excellent. Definitely my go-to fashion app! ⭐⭐⭐⭐⭐",0
appstore,14453628115,2026-08-20T23:02:54-07:00,5,"Amazing experience

Loved it! Everything was smooth and the products were beautiful😍✨",0
appstore,14453619917,2026-08-20T22:59:16-07:00,5,"Awesome

Awesome shopping platform",0
appstore,14453568603,2026-08-20T22:36:28-07:00,5,"Good dress

The fit is really good and material is  also nice",0
appstore,14453561522,2026-08-20T22:33:22-07:00,5,"Very nice dress

Very nice",0
appstore,14453554318,2026-08-20T22:30:13-07:00,5,"Good quality

Very likely",0
appstore,14453543496,2026-08-20T22:25:30-07:00,5,"Good

Good",0
appstore,14453543143,2026-08-20T22:25:21-07:00,1,"Not satisfied with AI

Worst system",0
appstore,14453536134,2026-08-20T22:22:15-07:00,5,"😊😍

Best appp",0
appstore,14453525866,2026-08-20T22:17:40-07:00,5,"Best perfume in this budget

This is very useable for daily and it’s comfortable to live in every situation",0
appstore,14453497823,2026-08-20T22:05:16-07:00,5,"Amazing

Awesome",0
appstore,14453472020,2026-08-20T21:53:49-07:00,5,"Nice

Nice product",0
appstore,14453462795,2026-08-20T21:49:48-07:00,5,"Gup Gup

An app without any glitch",0
appstore,14453451983,2026-08-20T21:44:56-07:00,5,"Nice

Nicely",0
appstore,14453413521,2026-08-20T21:27:58-07:00,5,"Best

Alwys on time n easy return",0
appstore,14453410598,2026-08-20T21:26:44-07:00,5,"Chemistry

Nice fabric",0
appstore,14453360962,2026-08-20T21:04:59-07:00,5,"Brilliant

Great experience as always",0
